INSERT INTO driver (driver_id, first_name, middle_name, second_name)
VALUES ('3c414c239f81930dccced87fd6d22aa2b6e6cf31a361eb3bf1de4c14ffe53967', 'Вячеслав', 'Архипович', 'Измайлов');
INSERT INTO driver (driver_id, first_name, middle_name, second_name)
VALUES ('e9a30f1868d5f3736fadee212cb16a50b43c003dc861066d374f9d22bb3e81ab', 'Потап', 'Захарович', 'Малюгин');
INSERT INTO driver (driver_id, first_name, middle_name, second_name)
VALUES ('7af5dbd1d2bc0f8d21d9813805606144876879653f98f0299ec8f1dbd6b17cf5', 'Николай', 'Измаилович', 'Барсов');
INSERT INTO driver (driver_id, first_name, middle_name, second_name)
VALUES ('1084bea02ce76fcdd200a912fa83070972bc49eb5c3a0a63638f1745016ec145', 'Артур', 'Аполлинариевич', 'Рябоконь');
INSERT INTO driver (driver_id, first_name, middle_name, second_name)
VALUES ('93422188e264ec81cc9b3bd8caaaad47b4c73ddce617544fce04e729e08a05e4', 'Евдокия', 'Тимуровна', 'Полевщикова');
INSERT INTO driver (driver_id, first_name, middle_name, second_name)
VALUES ('f00083c68cabc2cfd50d0ad5cec883264c9351b38627290b1b86fd4e15dd40a3', 'Оксана', 'Алексеевна', 'Никаева');
INSERT INTO driver (driver_id, first_name, middle_name, second_name)
VALUES ('7114a44a28fc52c9425e2789f985f6011a496b1cc7605da012ed6732a976f8e2', 'Алла', 'Романовна', 'Холопова');
INSERT INTO driver (driver_id, first_name, middle_name, second_name)
VALUES ('db2532ed98d46b221634db1728aeb95ced77e63ef818de98b379f0a5629e5197', 'Сергей', 'Климентович', 'Бутусов');
INSERT INTO driver (driver_id, first_name, middle_name, second_name)
VALUES ('f481b201dac5c9be02a20b43a6d864c21497a7753092167fcd924016cbcbeb2f', 'Федор', 'Гордеевич', 'Фернандес');
INSERT INTO driver (driver_id, first_name, middle_name, second_name)
VALUES ('9987b9c9a5d8c8b3c006e28273994984417acab646caed9a16db729ffee9f71b', 'Елена', 'Станиславовна', 'Низовцова');

INSERT INTO car (license_plate, car_brand, car_model, owner_driver_id)
VALUES ('А001АА', 'Audi', 'A5', '3c414c239f81930dccced87fd6d22aa2b6e6cf31a361eb3bf1de4c14ffe53967');
INSERT INTO car (license_plate, car_brand, car_model, owner_driver_id)
VALUES ('А002АА', 'BMW', '5 series', 'e9a30f1868d5f3736fadee212cb16a50b43c003dc861066d374f9d22bb3e81ab');
INSERT INTO car (license_plate, car_brand, car_model, owner_driver_id)
VALUES ('А003АА', 'Ford', 'Focus', '7af5dbd1d2bc0f8d21d9813805606144876879653f98f0299ec8f1dbd6b17cf5');
INSERT INTO car (license_plate, car_brand, car_model, owner_driver_id)
VALUES ('В001ВВ', 'Honda', 'Civic', '1084bea02ce76fcdd200a912fa83070972bc49eb5c3a0a63638f1745016ec145');
INSERT INTO car (license_plate, car_brand, car_model, owner_driver_id)
VALUES ('В002ВВ', 'Hyundai', 'Solaris', '93422188e264ec81cc9b3bd8caaaad47b4c73ddce617544fce04e729e08a05e4');
INSERT INTO car (license_plate, car_brand, car_model, owner_driver_id)
VALUES ('В003ВВ', 'Infiniti', 'FX35', 'f00083c68cabc2cfd50d0ad5cec883264c9351b38627290b1b86fd4e15dd40a3');
INSERT INTO car (license_plate, car_brand, car_model, owner_driver_id)
VALUES ('Е001ЕЕ', 'KIA', 'Rio', '7114a44a28fc52c9425e2789f985f6011a496b1cc7605da012ed6732a976f8e2');
INSERT INTO car (license_plate, car_brand, car_model, owner_driver_id)
VALUES ('Е002ЕЕ', 'LADA', 'Granta', 'db2532ed98d46b221634db1728aeb95ced77e63ef818de98b379f0a5629e5197');
INSERT INTO car (license_plate, car_brand, car_model, owner_driver_id)
VALUES ('Е003ЕЕ', 'Lexus', 'RX300', 'f481b201dac5c9be02a20b43a6d864c21497a7753092167fcd924016cbcbeb2f');
INSERT INTO car (license_plate, car_brand, car_model, owner_driver_id)
VALUES ('К001КК', 'Mazda', '3', '9987b9c9a5d8c8b3c006e28273994984417acab646caed9a16db729ffee9f71b');
INSERT INTO car (license_plate, car_brand, car_model, owner_driver_id)
VALUES ('К002КК', 'Mercedes-Benz', 'C-class', '3c414c239f81930dccced87fd6d22aa2b6e6cf31a361eb3bf1de4c14ffe53967');
INSERT INTO car (license_plate, car_brand, car_model, owner_driver_id)
VALUES ('К003КК', 'Mitsubishi', 'Pajero', 'e9a30f1868d5f3736fadee212cb16a50b43c003dc861066d374f9d22bb3e81ab');
INSERT INTO car (license_plate, car_brand, car_model, owner_driver_id)
VALUES ('М001ММ', 'Mitsubishi', 'Lancer', '7af5dbd1d2bc0f8d21d9813805606144876879653f98f0299ec8f1dbd6b17cf5');
INSERT INTO car (license_plate, car_brand, car_model, owner_driver_id)
VALUES ('М002ММ', 'Nissan', 'Tiida', '1084bea02ce76fcdd200a912fa83070972bc49eb5c3a0a63638f1745016ec145');
INSERT INTO car (license_plate, car_brand, car_model, owner_driver_id)
VALUES ('М003ММ', 'Nissan', 'Sunny', '93422188e264ec81cc9b3bd8caaaad47b4c73ddce617544fce04e729e08a05e4');

INSERT INTO fine (fine_id, fine_description, fine_tax)
VALUES (1, 'Управление транспортным средством, не зарегистрированным в установленном порядке', 800);
INSERT INTO fine (fine_id, fine_description, fine_tax)
VALUES (2, 'Повторное управление транспортным средством, не зарегистрированным в установленном порядке', 5000);
INSERT INTO fine (fine_id, fine_description, fine_tax)
VALUES (3, 'Установка на транспортном средстве заведомо подложных государственных регистрационных знаков', 2500);
INSERT INTO fine (fine_id, fine_description, fine_tax)
VALUES (4, 'Управление транспортным средством с заведомо подложными государственными регистрационными знаками', 5000);
INSERT INTO fine (fine_id, fine_description, fine_tax)
VALUES (5, 'Передача управления транспортным средством лицу, не имеющему при себе документов на право управления им',
        3000);
INSERT INTO fine (fine_id, fine_description, fine_tax)
VALUES (6, 'Управление транспортным средством, на которое незаконно нанесена цветографическая схема легкового такси',
        5000);
INSERT INTO fine (fine_id, fine_description, fine_tax)
VALUES (7, 'Управление транспортным средством водителем, не имеющим права управления транспортным средством', 15000);
INSERT INTO fine (fine_id, fine_description, fine_tax)
VALUES (8, 'Управление транспортным средством водителем, лишенным права управления транспортным средством', 30000);
INSERT INTO fine (fine_id, fine_description, fine_tax)
VALUES (9, 'Нарушение правил проезда через железнодорожные переезды', 1000);
INSERT INTO fine (fine_id, fine_description, fine_tax)
VALUES (10, 'Нарушение требований к перевозке детей, установленных Правилами дорожного движения', 3000);

INSERT INTO fine_history (id, car_license_plate, fine_fine_id)
VALUES (11, 'Е001ЕЕ', 9);
INSERT INTO fine_history (id, car_license_plate, fine_fine_id)
VALUES (12, 'В002ВВ', 7);
INSERT INTO fine_history (id, car_license_plate, fine_fine_id)
VALUES (13, 'А001АА', 4);
INSERT INTO fine_history (id, car_license_plate, fine_fine_id)
VALUES (14, 'В003ВВ', 2);
INSERT INTO fine_history (id, car_license_plate, fine_fine_id)
VALUES (15, 'М001ММ', 5);
INSERT INTO fine_history (id, car_license_plate, fine_fine_id)
VALUES (16, 'А003АА', 3);
INSERT INTO fine_history (id, car_license_plate, fine_fine_id)
VALUES (17, 'К001КК', 2);
INSERT INTO fine_history (id, car_license_plate, fine_fine_id)
VALUES (18, 'В002ВВ', 8);
INSERT INTO fine_history (id, car_license_plate, fine_fine_id)
VALUES (19, 'Е002ЕЕ', 6);
INSERT INTO fine_history (id, car_license_plate, fine_fine_id)
VALUES (20, 'К003КК', 5);
INSERT INTO fine_history (id, car_license_plate, fine_fine_id)
VALUES (21, 'А003АА', 5);
INSERT INTO fine_history (id, car_license_plate, fine_fine_id)
VALUES (22, 'К002КК', 6);
INSERT INTO fine_history (id, car_license_plate, fine_fine_id)
VALUES (23, 'Е001ЕЕ', 5);
INSERT INTO fine_history (id, car_license_plate, fine_fine_id)
VALUES (24, 'А003АА', 1);
INSERT INTO fine_history (id, car_license_plate, fine_fine_id)
VALUES (25, 'В002ВВ', 5);
INSERT INTO fine_history (id, car_license_plate, fine_fine_id)
VALUES (26, 'В001ВВ', 1);
INSERT INTO fine_history (id, car_license_plate, fine_fine_id)
VALUES (27, 'М002ММ', 5);
INSERT INTO fine_history (id, car_license_plate, fine_fine_id)
VALUES (28, 'А003АА', 2);
INSERT INTO fine_history (id, car_license_plate, fine_fine_id)
VALUES (29, 'А002АА', 4);
INSERT INTO fine_history (id, car_license_plate, fine_fine_id)
VALUES (30, 'М001ММ', 4);
INSERT INTO fine_history (id, car_license_plate, fine_fine_id)
VALUES (31, 'Е002ЕЕ', 5);
INSERT INTO fine_history (id, car_license_plate, fine_fine_id)
VALUES (32, 'А001АА', 5);
INSERT INTO fine_history (id, car_license_plate, fine_fine_id)
VALUES (33, 'В001ВВ', 5);
INSERT INTO fine_history (id, car_license_plate, fine_fine_id)
VALUES (34, 'А001АА', 3);
INSERT INTO fine_history (id, car_license_plate, fine_fine_id)
VALUES (35, 'В001ВВ', 5);